id,name,country
20,"White, Smith and Romero",MX
64,Johnson-Gardner,BRA
135,"Herrera, Warren and Hughes",colombia
225,Cortez LLC,MX
252,"Ballard, Sanchez and Owens",CO
348,Medina PLC,brazil
390,"Davis, Rodriguez and Hale",br
398,"Abbott, Conway and Martin",BRA
491,"Leon, Graham and Williamson",Mexico
557,"Love, Rivers and Diaz",México
636,"Harris, Gray and Nunez",MX
641,"Horton, Taylor and Lynch",CO
679,"Fields, Clark and Acosta",br
748,Mcdonald Group,Brazil
816,Abbott Group,brasil
888,Watson-Roberts,mexico
895,"Anderson, Johnson and Miller",BRA
969,"Barnes, Anderson and Ford",Brazil
987,Cooley Ltd,BRA
1023,"Bennett, Taylor and Lawrence",mx
1085,White-Owens,BRA
1138,"Kaufman, Jackson and Dougherty",Mexico
1170,Dunlap PLC,CO
1254,Smith and Sons,MX
1308,"Smith, Moore and White",México
1351,Johnson Inc,mx
1359,Schmidt PLC,Mexico
1407,"Baker, Houston and Smith",BRA
1474,Mitchell-Hall,Mexico
1498,Chapman-Payne,brazil
1529,Chambers Ltd,Brazil
1601,"Williams, Young and Love",brasil
1681,Mitchell-Shannon,brasil
1715,Tucker-Mccoy,BR
1732,"Kelly, Fleming and Potter",mexico
1779,"Baker, Estrada and Thompson",mexico
1853,Rogers and Sons,brazil
1870,Herrera and Sons,MEX
1949,Jordan Ltd,Colombia
2022,Wilson-Johnson,MX
2063,"Martinez, Knox and Parker",MEX
2081,Meyer LLC,MX
2111,Hull Inc,MX
2211,"Clark, Jones and Carey",BRA
2289,Cox Ltd,Brazil
2344,"Camacho, Poole and Esparza",mx
2350,Sanchez and Sons,BRA
2439,Anderson-Bowman,col
2480,Peterson-West,mx
2579,"Nichols, Parker and Park",brasil
2589,Jefferson PLC,BRA
2651,"Thomas, Smith and Banks",México
2662,"Young, Walker and Parrish",br
2688,Huff-Woods,BR
2773,Valentine Ltd,Brazil
2870,White-Gonzales,mexico
2956,"Bartlett, Peterson and Jones",CO
3048,Allen PLC,mx
3111,Willis-Ashley,CO
3163,"Ballard, Haynes and Nguyen",MEX
3263,Molina-Lee,Brazil
3316,Nunez-Allen,br
3352,Harrison and Sons,CO
3440,Sparks-Hart,colombia
3494,Petersen Ltd,MX
3513,Hester-Taylor,brazil
3517,Jones-Mcpherson,Brazil
3598,Hernandez-Hughes,BRA
3627,Velasquez-George,Mexico
3693,Fitzgerald Inc,Brazil
3733,Jefferson-Mccarthy,brasil
3774,"Watson, Hernandez and Fletcher",mx
3823,Bryant Ltd,BRA
3914,"Fisher, Bailey and Moran",brasil
4012,Moore Group,col
4105,"Smith, Christian and Anderson",BR
4176,Russo-Jones,México
4259,Moore-Parker,mx
4265,"Sanchez, Reed and Adams",México
4291,Ware Ltd,brazil
4382,Contreras-Brown,MX
4481,Taylor-Lewis,México
4496,Finley PLC,brasil
4509,Owens and Sons,mexico
4607,"Russell, Jackson and Shaffer",br
4689,Mcclain-Davidson,Mexico
4726,Collier Group,BRA
4761,King Inc,Mexico
4774,"Green, Bennett and Hill",brasil
4871,Molina PLC,brasil
4892,"Brown, Carpenter and Gray",BRA
4987,"Salinas, Burnett and Moses",mx
4998,"Banks, Campbell and Morales",BR
5065,Campbell-Williams,mexico
5091,Velasquez-Davis,brazil
5191,"Roach, Dixon and Murillo",Brazil
5237,Anderson Group,BRA
5315,"Lindsey, Smith and Powers",BR
5326,"Moore, Lopez and Escobar",Colombia
5397,Haney-Rivera,br
5436,Terrell-Grimes,brazil
5474,"Parker, Fry and Long",Brazil
5532,"Espinoza, Norris and Cabrera",MEX
5604,Curtis and Sons,colombia
5700,"Collins, Mack and Wright",br
5715,Zimmerman PLC,BR
5769,Jones PLC,MEX
5805,"Harris, Brewer and Brooks",brasil
5842,Ruiz-Rodriguez,brasil
5884,"Wright, James and Chapman",BR
5949,"Martin, Neal and Gonzalez",brazil
6021,Green Inc,México
6091,Cook-Stout,BR
6100,"Chan, Patton and Pineda",Brazil
6149,"Wood, Snow and Williams",BRA
6220,Lowe-Ellis,col
6297,Cruz Ltd,MEX
6318,Ball-Reyes,brazil
6369,Pennington Ltd,mx
6394,Moon Ltd,Brazil
6491,Cummings-Chung,brasil
6586,Bates-Booker,BRA
6672,Reed Inc,mx
6723,Peterson-Lopez,col
6813,"Sims, Cooper and Choi",colombia
6865,Collier Inc,MX
6943,Howard-Turner,brazil
6985,"Hernandez, Ashley and Black",MEX
7071,Townsend PLC,BR
7127,Cordova Inc,MX
7195,Fuller-Elliott,mx
7246,Dixon-Bonilla,Brazil
7252,"Mcclain, Griffin and Hopkins",Mexico
7290,Mitchell-Maxwell,Brazil
7352,"Murphy, Rodriguez and Torres",brazil
7378,"Ross, Thompson and Wilson",México
7415,Brady-Chapman,MX
7461,Mendoza LLC,br
7519,Ware Ltd,brasil
7526,Montoya PLC,BRA
7608,"Taylor, Sullivan and Chan",México
7695,"Barker, Conner and Munoz",BR
7760,Simon LLC,brasil
7813,Wallace-Alexander,CO
7867,Morales Inc,Colombia
7903,"Spence, Navarro and Bryant",Mexico
7950,Adams-Dawson,BRA
8044,Hill LLC,mx
8077,Smith LLC,mexico
8097,Booker Group,brazil
8169,"Russell, Hudson and Frost",mx
8220,"Camacho, Spencer and Nicholson",Mexico
8292,"Carrillo, Williams and Oneill",brazil
8378,Torres Inc,BR
8398,Velez-Lane,BRA
8491,"Norman, Sims and Lyons",Brazil
8520,"Rivera, Guzman and Clark",BRA
8524,"Fitzpatrick, Mclean and Burns",BR
8604,Goodwin-Shepherd,mx
8613,Vasquez Inc,BR
8648,Bishop-Randall,BRA
8682,Rodriguez Inc,Mexico
8700,"Johnson, George and Nixon",MEX
8796,Rodriguez-Hendricks,BRA
8817,Nichols and Sons,br
8876,Butler LLC,col
8975,"Parrish, Baker and Rodriguez",CO
9071,Williams-Roberts,BR
9162,Hall-Miller,br
9193,"Campbell, King and Harris",Brazil
9212,Scott Group,México
9293,"Warren, Green and Schwartz",Brazil
9392,"Conley, Morris and Cox",MEX
9450,Davis-Mcgee,mexico
9543,Bernard-Wallace,BRA
9612,"Heath, Duke and Snyder",br
9646,Brown Inc,BRA
9694,Wells-Norman,br
9751,Dominguez PLC,MX
9785,Davis-Peters,colombia
9869,Haley-Paul,mexico
9923,"Jenkins, Hood and Solomon",brazil
9958,Wood-Hernandez,México
10046,Jones and Sons,br
10123,"Hernandez, Diaz and Nash",Mexico
10150,Paul-Mullen,BR
10221,White PLC,br
10319,Morris PLC,Mexico
10377,Bennett-Wright,br
10449,Mason-Park,Colombia
10480,"Turner, Gomez and Hill",Colombia
10573,"Gross, Hughes and Richardson",brazil
10627,"Cook, Harvey and Franklin",Colombia
10661,"Braun, Lara and Perez",br
10718,"Nelson, Brock and Gregory",BR
10803,"Taylor, Evans and Robinson",mexico
10853,Hunt and Sons,mexico
10867,"Gross, Reed and Murray",brasil
10903,Taylor-Matthews,br
10975,"Rodgers, James and Scott",Brazil
11004,"Pacheco, Stein and Christensen",Mexico
11011,Love Inc,mx
11091,Richardson-Ortiz,MEX
11112,"Edwards, Pham and Phillips",mx
11178,Robertson Ltd,México
11260,"Myers, Barrera and Hart",brasil
11278,Perkins-Stewart,mx
11366,"Gomez, Miller and Morris",Brazil
11370,Palmer and Sons,México
11435,Gibson Inc,brazil
11503,"Wells, Myers and Ryan",br
11578,"Boyer, Smith and Wagner",br
11613,Robinson-Hammond,BR
11641,Hood-Stewart,br
11741,"Campbell, Reid and Downs",MX
11750,Pacheco LLC,CO
11805,"Crawford, Rodriguez and Hudson",brasil
11869,Bennett-Compton,MEX
11911,Hernandez Inc,Brazil
11986,"Patton, Barr and Nelson",BR
11994,Jimenez and Sons,CO
12002,Gentry-Kramer,BR
12048,Lopez Ltd,México
12079,"Mathis, Miller and Carrillo",BRA
12148,Cox-Wilson,mexico
12248,Ho LLC,br
12342,"Cantrell, Rice and Robertson",brazil
12381,"Haynes, Stafford and Smith",Colombia
12454,Serrano LLC,BR
12462,Sanchez-Collins,br
12519,"Fischer, Hardy and Walker",México
12548,Gutierrez Ltd,Colombia
12644,Lane-White,colombia
12690,Valdez Group,Mexico
12695,Potter-Allen,BRA
12724,Hall PLC,BRA
12769,Terry-Blake,Colombia
12833,White-Stevens,Brazil
12910,"Duke, Morales and Johnson",BR
12957,Miranda Inc,mexico
13031,"Brown, Brown and Barker",br
13102,"Rivera, Taylor and Wang",MEX
13111,"Jones, Forbes and Evans",br
13133,York-Moreno,MX
13176,Fowler Inc,br
13206,"West, Parsons and Fischer",Colombia
13287,Romero-Sims,Brazil
13387,Jordan-Fisher,br
13416,George Inc,br
13448,"Nelson, Daniel and Mason",mx
13543,Wilson-Miller,Brazil
13565,Taylor-Ortiz,MEX
13609,Bell-Walker,BR
13624,"Carey, Watson and Green",Brazil
13657,Copeland and Sons,Brazil
13661,Long Ltd,MEX
13669,Walker Ltd,BRA
13747,Webb-Hall,MEX
13808,Smith-Johnson,BR
13840,"Gonzalez, Hall and Thomas",BR
13936,Gonzalez Ltd,br
14035,"Tran, Phillips and Russell",BRA
14068,Serrano-Ramirez,México
14167,Johnson-Snow,BR
14212,Wilson-Reyes,brasil
14247,Higgins-Wagner,br
14281,"Martinez, Pineda and Hamilton",brazil
14331,Sanchez-Christensen,BR
14405,"Landry, Watson and Knapp",BR
14439,Lewis-Taylor,Mexico
14452,Herrera-Hayes,col
14543,Hansen Ltd,BR
14552,Lopez LLC,brasil
14603,Sullivan LLC,mx
14645,Montgomery-Leonard,br
14686,"Sanders, Martinez and Kelley",br
14737,Frank Ltd,mexico
14814,Perkins-Montgomery,Brazil
14878,Wong Group,BRA
14917,Garcia-Mcfarland,México
14967,Garcia Group,brasil
15027,Russell Group,br
15058,"Woods, Andrews and Morgan",col
15127,Hoover-Davenport,brasil
15208,Powers-Miller,MX
15214,Hughes-Hunt,brazil
15280,Price-Cooper,brasil
15329,"Jackson, Mayer and Castro",Colombia
15345,Green Group,colombia
15399,Patterson-Hughes,BR
15407,Rogers-Martinez,BR
15477,Morrison PLC,mexico
15556,Woods-Russell,Mexico
15616,"Fisher, Estes and Munoz",mexico
15644,"Wise, Franco and Wilkinson",mexico
15691,Rojas LLC,brasil
15773,Parker-Miller,BR
15836,Schmidt-Castillo,Brazil
15879,Webster-Romero,MX
15953,Chandler-Ortega,Mexico
15983,Mendoza-Gray,MEX
16081,Reeves-Miller,mx
16131,Allen Ltd,MEX
16192,Crane-Ramirez,MX
16272,"Wright, Sanchez and Lee",BR
16316,Newman-Strickland,Brazil
16384,"Conrad, Fields and Martinez",Colombia
16449,Williams PLC,colombia
16477,Peters-Mitchell,br
16570,Benitez-Walker,BR
16665,Russo and Sons,México
16718,Smith and Sons,Brazil
16741,Olson-Barrett,mexico
16808,Day-Mcdowell,Brazil
16900,"Jenkins, Lee and Johns",mx
16929,Lucas-Mcgee,Brazil
16979,Fuentes Ltd,mx
17032,Jackson-Hanson,Brazil
17114,Bell PLC,colombia
17118,"Beck, Richardson and Nguyen",MX
17177,Harris Group,Brazil
17199,Taylor Ltd,brazil
17243,"Wilson, Murphy and Walls",br
17335,"Pacheco, Ray and Stevens",Mexico
17407,Alvarado PLC,brazil
17471,"King, Jackson and Hudson",brazil
17513,Rice-James,BRA
17531,"Clark, Taylor and Freeman",brazil
17553,"Tran, Lewis and Reynolds",brasil
17575,Clark Inc,br
17657,"Smith, Price and Jackson",Mexico
17677,Johnson-Rice,Mexico
17697,Lewis PLC,br
17716,"Diaz, Martin and Kim",mexico
17756,"Thornton, Mendez and Duarte",colombia
17835,"Galvan, Miller and Clark",br
17855,"Garrett, Young and Moore",brazil
17911,Duarte and Sons,mexico
17962,"Porter, Travis and Robertson",MX
18049,"Hudson, Thomas and Taylor",Brazil
18092,"Williams, Miller and Mendez",BR
18146,Carroll LLC,brasil
18211,Smith-Miller,MX
18305,"Reed, Nelson and Garcia",colombia
18374,Tran-Henderson,BRA
18449,Walker LLC,Colombia
18486,Thomas Group,brasil
18507,"Nunez, Valentine and Farrell",mx
18579,Anderson Ltd,Brazil
18584,Keith-Johnson,BRA
18639,"Anderson, Lopez and Garcia",brazil
18732,"Lawrence, Parker and Walker",BR
18760,Brown-Brown,México
18831,"Gutierrez, Terry and Alexander",brasil
18846,Rosario PLC,MEX
18926,Daniels and Sons,MEX
18990,"Mann, Wilson and Phillips",BRA
19080,"Powers, Clark and Holmes",BRA
19129,Harris-Price,BR
19190,"Reed, Baker and Patterson",Brazil
19260,Thomas-Mclean,BRA
19324,Allison-Golden,MX
19412,Williams-Hughes,brasil
19471,Davis Inc,brasil
19548,Hoover LLC,br
19605,Holloway-Gonzalez,mx
19621,"White, Garcia and Thomas",MX
19690,Johnson-Blackburn,Colombia
19727,Hunter Inc,CO
19743,Jones-Clarke,México
19750,Thompson-Kennedy,brazil
19830,"Chambers, Williams and Jones",brazil
19912,Clark Ltd,MX
19990,"Welch, Fox and Robinson",br
20061,Hurst Ltd,mx
20156,"Bailey, Evans and Boyd",MEX
20189,"Cruz, Rubio and Reynolds",MEX
20218,"Smith, Taylor and Wise",Brazil
20271,Bennett PLC,BRA
20356,Allen PLC,Brazil
20368,Hicks PLC,brazil
20430,Mcdonald-Gonzalez,brazil
20511,Guerra-Moore,BR
20520,Morton and Sons,Brazil
20555,Kelly Group,Brazil
20638,Smith-Greer,BRA
20643,"Cooper, Anderson and Munoz",brazil
20697,Nguyen LLC,BR
20712,Murray-Thomas,BR
20734,"Wells, Hunt and Shepard",BR
20798,Rosales-Ramirez,Colombia
20807,"Johnson, Williams and Schaefer",Mexico
20813,Blackwell-Lindsey,BRA
20823,Campos-Russell,Brazil
20887,Kim-Meza,MEX
20934,Anderson-Hayes,BR
21012,"Griffin, Andrews and Cook",México
21045,"Sherman, Conner and Moyer",MX
21102,Gill-Smith,mx
21164,Bennett-Shelton,MX
21203,White Ltd,brazil
21300,"Johns, Torres and Smith",mexico
21307,Drake-Brown,mx
21339,Pearson Group,BRA
21424,"Matthews, Reed and Solis",México
21500,"Edwards, Scott and Jordan",br
21538,"Mullins, Hooper and Hicks",mexico
21585,"Garrison, Williams and Hill",mexico
21683,Bonilla Ltd,brasil
21706,Bryant-Simmons,br
21714,Chapman-Beck,brasil
21766,Trevino and Sons,brasil
21842,Hall Ltd,brasil
21866,"Castaneda, Harris and Oneal",Mexico
21934,Luna Group,MX
21986,Davis-Hernandez,Brazil
22074,Ali Ltd,BR
22153,"Miller, Velasquez and Diaz",brasil
22169,Castillo LLC,Mexico
22207,Mccarthy-Griffith,MX
22259,"Gaines, Quinn and Webster",brazil
22334,"Henderson, Perry and Garcia",Brazil
22413,"Carpenter, Bailey and Davila",BR
22439,"Lopez, Knight and Pierce",brasil
22510,Garcia LLC,mexico
22609,Davidson-Cooper,Mexico
22617,"Burgess, Jones and Nelson",brazil
22671,Gordon Ltd,BR
22736,Carroll-Saunders,brazil
22748,Collins PLC,Brazil
22786,"Blake, Medina and Wright",Brazil
22883,Torres Inc,brasil
22935,Smith Group,BRA
23018,Wilson and Sons,México
23072,Reyes-Miranda,México
23170,Cox-Lam,br
23226,Vincent Ltd,Mexico
23296,Delacruz PLC,BR
23332,Martin PLC,México
23388,Price-Gray,brazil
23402,Ramirez-Mccormick,BRA
23426,Jackson-Martin,colombia
23445,Maldonado PLC,MEX
23542,Sanchez-Bishop,brasil
23564,Cervantes-Page,México
23596,"Schultz, Turner and Bennett",MEX
23621,"Wagner, Miller and Matthews",mexico
23626,"Martin, Jenkins and Phillips",br
23705,Jones and Sons,mx
23748,"Rivera, Coleman and Mcclain",BR
23807,"Henry, Trujillo and Phillips",br
23839,Jackson PLC,MX
23859,Miller Group,Mexico
23903,Daniels-Mueller,brasil
23951,"Chang, Velez and Kirby",Colombia
24016,"Wiley, Vasquez and Fowler",Colombia
24038,Larson Ltd,Brazil
24083,Brown PLC,mx
24119,Schroeder-Ortiz,brasil
24212,Jones-Thomas,MEX
24229,Thompson PLC,MEX
24321,Alvarado PLC,brazil
24334,Klein-Williams,Mexico
24341,"Dominguez, Morgan and Cook",BRA
24399,Stein PLC,Mexico
24478,Hill-Griffith,brazil
24534,Simpson-Ferguson,Brazil
24555,Carter and Sons,mexico
24601,Conley Ltd,mexico
24642,Nichols-Patel,brasil
24695,Hernandez-Andrews,BRA
24794,"Cook, Kaufman and Ford",México
24887,Adams Group,Mexico
24936,"Lee, Jennings and Rivers",BR
24982,Harvey-Powell,MX
25040,"Robinson, Nelson and Welch",MEX
25113,Russell-Ball,MEX
25146,"Smith, Cox and Arnold",MX
25224,"Parker, Thornton and Wiley",BR
25294,"Martin, Carson and Wilson",Brazil
25325,"Herrera, Jones and Lewis",br
25368,"Hopkins, Phillips and Berg",BRA
25442,"Lee, Johnston and Thompson",BR
25518,Wilkinson Ltd,MEX
25554,Lewis-Wright,MEX
25645,"Schneider, Diaz and Williams",BR
25677,"Taylor, Paul and Rodriguez",brasil
25731,"Alvarez, Gonzalez and Nguyen",MX
25792,Greene LLC,México
25820,Vega and Sons,Mexico
25861,Thomas-Harper,Brazil
25947,"Smith, Carter and Chase",BRA
25986,Yoder-Valenzuela,col
25994,Estrada and Sons,Colombia
26031,Smith Ltd,BRA
26114,"Scott, Martinez and Lee",MEX
26137,"Stephens, West and Krueger",MEX
26146,Morse and Sons,México
26196,"Rodriguez, Gates and Hoover",México
26220,Vaughn-Rodriguez,Colombia
26301,Jackson-Mooney,brazil
26327,Mcneil-Davis,MEX
26392,Jackson-Oconnor,Colombia
26412,Krueger PLC,brasil
26443,"Alexander, Greene and Harris",mx
26538,"Floyd, Henry and Solomon",Mexico
26562,"Maxwell, Holder and Mora",col
26592,"Cross, Hoffman and Walker",MX
26685,Moore and Sons,México
26734,Petersen-Hernandez,MEX
26809,Hansen Group,BR
26828,"Beck, Frazier and Cox",brazil
26838,Brown and Sons,brasil
26934,Morrison Ltd,México
27007,"Howard, Garcia and Lowery",mx
27040,Sullivan LLC,Mexico
27083,Wood-Cooper,mx
27128,Willis LLC,mx
27194,Lewis-Vasquez,Mexico
27199,"Carlson, Alexander and Whitaker",Mexico
27243,Davis-Dixon,MEX
27258,Ortiz-Lara,México
27323,Jenkins and Sons,Mexico
27391,Wood PLC,BRA
27417,"Peck, Johnston and Nguyen",brazil
27426,Aguilar-Mitchell,brasil
27440,Foley-Patel,colombia
27491,Robinson-Hall,brazil
27517,"Proctor, Williams and Garrison",br
27548,Brown Group,mexico
27593,"Preston, Mcdaniel and Phelps",CO
27605,Bailey-Stone,colombia
27661,"Hanson, Ramos and Camacho",BR
27679,Chase-Smith,BRA
27757,Romero and Sons,brasil
27837,"Tucker, Dixon and Mann",BR
27892,"Owens, Stewart and Jackson",brasil
27913,Ellis-Moore,MX
27952,"Petty, Ramsey and Garrett",mexico
28047,Hudson Ltd,Brazil
28074,"Berry, Chapman and Mckinney",br
28085,"Gillespie, Gamble and Vasquez",Brazil
28138,Coffey-Odom,mexico
28234,"Santana, Erickson and Torres",CO
28253,"Skinner, Davis and Gilbert",CO
28347,Harvey Group,MEX
28429,"Martinez, Tran and Daniels",MEX
28514,Mcdaniel-Williams,BRA
28542,Fox PLC,brasil
28561,Fisher Group,MX
28643,"Small, Freeman and Mills",brasil
28661,"Thomas, Gibson and Martin",brasil
28671,Smith-Miller,mexico
28762,"Watson, Davis and Jones",br
28858,Lam-Hudson,br
28929,"Frank, Castro and Gross",brasil
28933,Sweeney Group,Mexico
28948,Scott-Acosta,México
29045,Howard Inc,brasil
29142,Nelson Group,MEX
29232,Davis-Jones,BR
29290,Baldwin and Sons,México
29303,Stevens-Harris,México
29366,"Garcia, Jones and Adams",MX
29429,Rodriguez Ltd,MX
29512,Avila-Robinson,BRA
29593,Tyler Inc,MEX
29657,"Anderson, Kane and Cox",mexico
29746,Ellison-Guerrero,Brazil
29799,Bennett-Harris,br
29872,"Snyder, Jordan and Griffin",br
29962,Francis-Sanders,BRA
30025,Mitchell-Smith,México
30065,Reyes PLC,mx
30155,"Franco, Gillespie and Robertson",BRA
30190,"Lopez, Huffman and Grant",Mexico
30203,Martin-Barrett,MEX
30243,Johnson-Howell,MX
30285,Campbell Inc,brazil
30308,"Snyder, Salinas and Garza",BRA
30351,Anderson and Sons,colombia
30388,Neal-Moore,BR
30408,Carter and Sons,Colombia
30415,Rubio-Johnson,MEX
30484,Carroll-Davis,brazil
30492,"Rodriguez, Peterson and Weber",Brazil
30512,"Eaton, Phillips and Rogers",Brazil
30522,King Group,BR
30584,Bowen Group,colombia
30608,Jacobs-Baxter,MEX
30661,Dominguez Group,Mexico
30704,Smith PLC,MEX
30770,Walker LLC,Mexico
30828,"Moran, Cortez and Jackson",MEX
30867,Hudson Inc,br
30890,Gonzalez Inc,mexico
30966,Nguyen Group,BR
31055,Liu-Moreno,Mexico
31066,"Kramer, Green and West",BR
31080,"Garcia, Aguilar and Rodriguez",mx
31085,Wallace Inc,BR
31114,Allen PLC,mexico
31159,Sanchez-Davis,México
31169,Kent-Carter,Mexico
31176,Jones Ltd,mexico
31243,Mcguire Ltd,Brazil
31269,"Hale, Turner and Wilson",Brazil
31307,Howard-Harris,Colombia
31328,Pope LLC,Brazil
31398,"Rodriguez, Hill and Burns",brazil
31439,"Scott, Perkins and White",Brazil
31511,Rice Ltd,MX
31546,Salazar Inc,MEX
31592,Weaver-Smith,brazil
31643,Jones LLC,mx
31741,Hancock-Yoder,BRA
31839,Moran-Johnson,colombia
31929,"Evans, Castillo and Thompson",brasil
31952,Rojas Group,BR
31970,"Martinez, Novak and Warner",BRA
31999,Wilkerson Group,MX
32048,"Thornton, Bautista and Hatfield",Brazil
32086,Estes Ltd,Brazil
32180,Hicks Group,MEX
32205,Rush-Cooke,mx
32281,"Richardson, Scott and Cross",brazil
32287,Carney-Lawrence,México
32350,Berry and Sons,Colombia
32447,Castro LLC,brasil
32488,"Warren, Kemp and James",BRA
32587,"Jackson, Torres and Lutz",MX
32657,Butler-Garner,México
32724,Hernandez-Jacobson,brazil
32817,"King, Vega and Scott",México
32902,Snyder-Black,brasil
32952,"Dixon, Mccullough and Burke",br
32997,Carter-Lucas,Brazil
33033,Jones LLC,Mexico
33043,Martin and Sons,BRA
33104,Davis and Sons,colombia
33178,Sawyer-Garrett,BRA
33243,Taylor and Sons,brasil
33314,Martin-Clements,BR
33332,Taylor Inc,br
33355,Tucker-Brooks,brasil
33363,Yates Group,Mexico
33408,"Rivera, Howard and Grant",México
33448,Ramsey Ltd,Mexico
33494,"Smith, Lara and Estes",brasil
33545,Suarez-Wilkinson,brazil
33549,Brennan-Rodriguez,Mexico
33615,Thompson-Smith,BR
33645,Martin-Gregory,MX
33708,Hernandez LLC,br
33756,Clark Ltd,brasil
33794,Baker-Booth,brasil
33861,Page and Sons,mexico
33960,"Valdez, Pham and Lewis",Mexico
33982,"Flores, Wilkerson and Salazar",Brazil
34060,Campbell-Vasquez,brasil
34116,Hunt Inc,br
34199,Perez-Cochran,MX
34216,"Glover, Gonzales and Fuentes",BR
34225,"Cantu, Richard and Murphy",BRA
34272,Mclean Group,brazil
34283,"Patton, Lamb and Page",Mexico
34336,Wang-Mejia,br
34357,"Vaughn, Contreras and Ramsey",mexico
34419,"Casey, Wilson and Hicks",Brazil
34453,Quinn Ltd,MEX
34524,Armstrong-Foster,MX
34544,"Owens, Hensley and Skinner",brasil
34563,Monroe-Anderson,CO
34618,Townsend PLC,br
34625,"Taylor, Terry and Gonzalez",br
34644,Kelley-Oconnor,brazil
34728,Navarro Ltd,br
34737,Martinez-Eaton,brazil
34777,Fleming-Bishop,CO
34804,Cruz-Hernandez,brazil
34846,Marsh Ltd,brasil
34895,Lawrence Group,Brazil
34942,Mitchell LLC,BRA
34973,Blackwell-Khan,México
35013,Powers-Howard,brazil
35026,Jackson Ltd,mx
35087,White and Sons,Brazil
35122,Taylor PLC,br
35140,Morse-Williams,brasil
35208,Cox LLC,MEX
35245,Kim PLC,MX
35260,Martin-Carr,Mexico
35282,Doyle PLC,brazil
35298,Casey LLC,Brazil
35317,Kim-Davis,br
35401,Walsh-Anthony,brazil
35464,Lynch PLC,brasil
35487,Powell-Levy,brasil
35583,"Bonilla, Williams and Bryant",brazil
35633,Watkins-Keller,mx
35679,"Reed, Rowe and Rodriguez",mexico
35724,Williams and Sons,Brazil
35745,"King, Carson and Perry",Mexico
35827,Dillon Ltd,mx
35856,Long Ltd,Mexico
35871,Mcbride LLC,BRA
35941,Reed-Freeman,BRA
35993,"Bishop, Gamble and Jennings",México
36064,"Beasley, Jacobs and Roberts",CO
36101,Tran-Vaughn,mx
36148,Ward-Hernandez,br
36237,Rogers-Bradford,Brazil
36272,Beltran Ltd,Mexico
36372,Kelly-Zavala,Mexico
36420,"Knapp, Scott and Brown",Brazil
36504,Meyer LLC,Brazil
36541,"Burnett, Johnson and Calhoun",br
36575,Harmon-Morris,MEX
36675,"Reynolds, Middleton and Thompson",Brazil
36702,"Henry, Cook and Miller",CO
36790,Parker LLC,brasil
36833,"Hurley, Delgado and Moore",BRA
36848,"Cline, Huber and Morris",México
36914,Weeks-Mcclure,CO
37014,Watkins and Sons,CO
37029,Mendoza-Scott,BR
37041,Davis LLC,br
37106,Williamson-Smith,MEX
37178,"Baxter, Lewis and Morrison",México
37253,Moore-Vasquez,mx
37299,"Williams, Gardner and Chen",Mexico
37342,Moore PLC,MX
37426,Vasquez-Martinez,col
37441,"Ellis, Ramirez and Logan",mx
37484,Collins Group,BR
37514,Mccoy PLC,MEX
37574,"Ware, Byrd and Barnett",BR
37580,"Lopez, Jackson and Ramirez",CO
37613,"Peterson, Fields and Mccullough",brazil
37687,Evans Group,MEX
37766,Baird-Thompson,br
37796,Peters-Paul,Brazil
37800,Giles PLC,MEX
37829,Perez-Rios,Mexico
37913,Lopez Inc,CO
37937,"Carr, Frye and White",br
37964,Cooper Inc,BRA
37973,"Zimmerman, Barr and Garcia",br
38012,Clark-Fowler,Mexico
38074,"Davis, Meyer and Sanchez",BR
38106,Sanders LLC,México
38168,Phillips Ltd,br
38199,"Stanley, Roberts and Becker",mx
38268,Walker Inc,BR
38312,Clements PLC,mx
38369,Bell-Taylor,CO
38379,Harris LLC,brasil
38478,Fletcher-Martinez,brazil
38515,Keller-Owens,MEX
38545,Hicks-Chapman,Brazil
38567,"Oconnell, Johnson and Kirby",BRA
38624,Mann and Sons,mx
38679,Harris Ltd,brasil
38710,"Livingston, Torres and Warner",MEX
38780,Moss-Robinson,br
38829,"Alvarez, Anderson and Griffin",México
38926,"Robles, Mcdonald and Webb",Brazil
39025,Nixon-Thompson,colombia
39035,Luna-Parker,Brazil
39104,Torres-Smith,mexico
39187,"Smith, Arroyo and Molina",BRA
39239,Ali Inc,Brazil
39254,Robinson Group,CO
39337,Oconnor Group,br
39373,Castro Inc,Brazil
39431,"Hall, Rhodes and Evans",Colombia
39466,"Odonnell, Mayer and Harrison",brazil
39480,Scott Inc,MEX
39489,"Dixon, Cherry and Salas",colombia
39524,"Brooks, Griffin and Richardson",colombia
39591,"Doyle, Fuller and Patel",Mexico
39612,Kirk Group,BR
39620,Palmer-Garcia,BR
39652,Keller-Campbell,MX
39710,"Martinez, Rodriguez and Peterson",MEX
39720,Elliott-Jackson,Mexico
39803,Drake-Hunt,Brazil
39865,Mcclain-Cannon,brasil
39877,Davenport PLC,mexico
39933,"Allen, Clark and Jones",MX
39981,Park-Hart,México
40017,Moore Group,mx
40058,Whitney LLC,brasil
40137,Williams LLC,BRA
40184,Mcguire Inc,BR
40266,Santos-Conley,BRA
40272,Hill-Morton,BR
40276,"Hernandez, Gamble and Pace",mexico
40346,Johnson-Ayers,CO
40426,"Dawson, Hill and Moore",Brazil
40482,Ware Inc,brazil
40528,Roberts and Sons,brazil
40532,Olson Inc,MEX
40542,Le-Joyce,Brazil
40563,Moon-Snyder,colombia
40625,Bradshaw LLC,br
40725,Robinson Inc,MEX
40798,"Hawkins, Jones and Cook",br
40874,Carter Inc,MEX
40892,"Velasquez, Dean and Evans",México
40977,Brown Ltd,BR
41075,Chambers LLC,BRA
41156,Davis-Marquez,brasil
41255,"Maynard, Morrison and Riley",mexico
41266,Flores and Sons,México
41277,Johnson Group,México
41348,"Farley, Frye and Buchanan",colombia
41438,Lin-Beck,mx
41492,Wilson Group,brazil
41540,"Lee, Gentry and Robinson",brasil
41636,"Villarreal, Clark and Williams",MEX
41681,Larson-Turner,Mexico
41721,"Dawson, Davis and Morris",mexico
41744,"Garcia, Decker and Boyd",MX
41798,Wilson-Armstrong,CO
41843,"Webster, Ruiz and Weber",Colombia
41933,Braun and Sons,MX
41947,Mcdowell-Ayala,brazil
42010,Roman LLC,BR
42039,Murray Inc,mexico
42139,Fleming-Hernandez,Mexico
42225,"Thomas, Dorsey and Gray",BRA
42252,Oneill-Cox,BR
42340,"Smith, Thompson and Wilson",brasil
42379,Price-Davis,Brazil
42452,Ruiz LLC,MEX
42547,Garcia Inc,brasil
42565,Williams and Sons,MX
42624,Hartman Group,brazil
42636,"Hardin, Johnson and Hamilton",BR
42649,James-Smith,México
42735,Thompson-Ramos,Colombia
42770,Rodriguez-Elliott,Brazil
42855,Wright Ltd,BRA
42881,"Hernandez, Dunn and Walters",México
42890,Perez-Clark,Brazil
42961,Brown-Holmes,BR
43046,Lawson LLC,brasil
43083,Smith and Sons,México
43112,Stevenson-Butler,brazil
43191,Williams and Sons,MEX
43243,"Paul, Hall and Little",br
43317,Mosley-Reynolds,brazil
43361,"Ewing, House and Thompson",brasil
43381,Cruz-Oconnor,Mexico
43445,Wade LLC,Colombia
43514,Allen Ltd,Brazil
43525,"Mccarthy, Medina and Ray",BRA
43535,Carter-Jordan,br
43559,"Long, Morris and Ortiz",mx
43574,Baker LLC,colombia
43623,Duncan Ltd,Brazil
43693,Yang Inc,BR
43719,Miller-Horton,br
43800,Berger-Garrett,mx
43821,Peterson LLC,Mexico
43852,"Jensen, Walter and Robinson",brasil
43894,Green PLC,MEX
43976,Simon LLC,Brazil
44001,"Soto, Ashley and Sweeney",México
44036,"Miller, Waters and Guzman",br
44052,Walker-Chapman,México
44077,Boyd-Thompson,Brazil
44106,Scott-Hanna,brazil
44149,Gonzalez and Sons,br
44184,Small-Parrish,BR
44258,Delgado-Newton,brazil
44295,Wilson Ltd,MX
44301,"Flores, Brown and Smith",brasil
44366,"Mccormick, Willis and Ortiz",br
44399,Mckinney-Adams,brasil
44473,"Hart, Ramos and Black",mexico
44570,Harper-Banks,brazil
44658,Hale LLC,brasil
44719,Holt-Jackson,CO
44819,"Simpson, Bennett and Mendez",mexico
44909,Green Inc,mx
44914,Guerrero PLC,Mexico
44962,Edwards-Bowman,Mexico
44984,Clark-Oneal,BR
45030,Foster-Snyder,br
45125,Garcia-Wright,Brazil
45203,"Walker, Smith and Hill",br
45295,Doyle-Bowen,mexico
45307,Brown-Smith,mx
45331,Morris Group,brazil
45387,Ponce-Page,brazil
45480,Fuller-Jensen,México
45553,White and Sons,MX
45653,House-Cruz,mexico
45700,"Brown, Garcia and Saunders",brasil
45711,Cruz-Miller,brazil
45726,"Caldwell, Robertson and Foley",BRA
45735,Murphy-Jones,BRA
45808,Webster PLC,BR
45816,"White, Sanchez and Allen",Mexico
45863,Young PLC,mx
45887,King LLC,MEX
45963,Hill Group,Colombia
46036,Cox-Lawson,col
46118,Gibbs-Alvarez,Colombia
46172,Alexander PLC,MEX
46264,"Lewis, Wise and Williams",MEX
46313,Potter and Sons,México
46354,"Fisher, Campbell and White",brazil
46375,Hendricks Group,brasil
46449,Schroeder-Gonzales,brazil
46543,Chapman and Sons,Mexico
46608,King-Johnson,brasil
46619,Scott Ltd,mexico
46629,"Miles, Curtis and Smith",col
46715,Patton Ltd,Brazil
46782,Harper Inc,Mexico
46812,Nelson-Simpson,México
46842,Lopez and Sons,BR
46857,Dudley PLC,BR
46893,Clark Ltd,BR
46939,Johnson-Reed,mexico
46964,"Bernard, Johnson and Long",MX
46971,Anderson-Davila,México
47069,Kelly and Sons,Colombia
47108,Brown-Ward,brasil
47159,Gonzales PLC,CO
47194,"Miller, Monroe and Shelton",br
47246,"Turner, Alexander and Sullivan",brasil
47278,"Morales, Atkinson and Knight",brazil
47362,Hudson and Sons,Mexico
47368,Stephens-Hayden,mexico
47406,Sanchez PLC,Brazil
47459,"Porter, Figueroa and Jordan",Mexico
47548,Bruce and Sons,BRA
47644,Collins LLC,brasil
47652,Martinez PLC,brasil
47743,Krueger-Price,Brazil
47762,Kelley-Hernandez,BR
47833,Edwards Group,mexico
47867,Lopez Group,Mexico
47949,Morris and Sons,br
47999,Mclaughlin-Oconnor,Brazil
48003,Butler-Winters,mx
48016,"Mills, Pierce and Cox",BR
48039,"Gillespie, Camacho and Buchanan",mexico
48072,Mcclain PLC,Mexico
48163,Mcfarland Ltd,colombia
48176,"Rich, Jackson and Oneal",CO
48274,Ward Group,MX
48294,James PLC,mexico
48345,Baker and Sons,MX
48360,"Johnson, Fitzpatrick and Brooks",MEX
48387,Caldwell-Brandt,CO
48430,Drake-Ramirez,Mexico
48520,"Jensen, Smith and George",MEX
48525,King-Smith,brasil
48576,Cain-Wagner,BRA
48650,"Fernandez, Nelson and Sellers",BRA
48708,Conley-Wolf,brasil
48716,Herrera and Sons,BR
48765,"Malone, Garcia and Buchanan",brasil
48861,"Goodwin, Frazier and Smith",brasil
48924,"Villegas, Moore and Jackson",Brazil
49013,Baker Ltd,BR
49095,"Rhodes, Fox and Smith",br
49150,Steele LLC,MEX
49206,"Roman, Zimmerman and Roberts",mx
49263,Jordan-Woodard,mx
49355,Deleon-Anderson,br
49390,"Smith, Ayala and Stevens",Brazil
49487,Francis-Abbott,BRA
49498,Mullen-Hill,Brazil
49558,Wilson-Ray,col
49587,Carter Group,BR
49656,Mcdonald-Aguirre,BRA
49740,Lopez Inc,BR
49788,Andrade Group,mx
49811,Allen-Martin,MEX
49865,Alexander PLC,brazil
49898,Gonzalez Ltd,BRA
49998,Rodriguez Group,col
50061,"Cabrera, Mccarthy and Dominguez",mx
50146,Martinez and Sons,brazil
50199,Navarro-Miller,mx
50261,"Chang, Moore and Solomon",colombia
50291,Parker Inc,BR
50375,"Willis, Richardson and Morris",MEX
50420,"Davis, Baker and Wilson",BRA
50482,"Frazier, Garcia and Espinoza",colombia
50565,"Terry, Dean and Fisher",col
50635,Reyes Group,BR
50647,Ingram-Jackson,mexico
50728,"Finley, Peterson and Bishop",colombia
50789,"Wilson, Moses and Oliver",Brazil
50876,Marks Group,BRA
50898,"Hubbard, Gutierrez and Rivera",br
50989,Herrera-Garner,CO
51024,Mcgrath PLC,MEX
51123,Morton LLC,br
51145,Baker-Johnson,mx
51216,Garcia-Wagner,mexico
51255,Lopez-Martinez,BR
51334,Garcia PLC,brasil
51432,"Kerr, Richard and Dean",CO
51477,Whitehead-Henry,Brazil
51489,Clark Ltd,BRA
51566,"Buchanan, Campbell and Mendoza",BR
51665,"Owens, Mata and Anderson",México
51758,French Inc,BRA
51828,Franklin Ltd,brasil
51844,Barnes LLC,colombia
51935,Wilson PLC,mx
51963,Torres Group,BRA
51987,King-Camacho,brazil
52021,Watts and Sons,col
52066,"Clarke, Long and Kerr",Brazil
52106,Jones-Miller,BR
52201,Jones LLC,brasil
52299,"Thornton, Mcdaniel and Strickland",brazil
52309,Nguyen-Kline,BR
52395,"Jackson, Fuller and Hodges",br
52401,Mills and Sons,Colombia
52462,Medina LLC,BRA
52534,Simpson-Anderson,CO
52601,Sullivan Inc,México
52623,Bates PLC,brasil
52709,Hogan Ltd,mx
52809,Garcia Inc,brazil
52873,Jacobson PLC,Colombia
52963,Weeks-Kim,Brazil
52997,Rodriguez LLC,brasil
53093,Allen-Fernandez,MEX
53189,"Bennett, Perez and Lewis",México
53227,White Inc,br
53237,"Ramos, Rangel and Russell",México
53250,Harris-Ayers,Brazil
53286,"Thompson, Boyle and Walker",mexico
53328,"Riley, Johnson and Cervantes",MX
53341,Silva LLC,brazil
53402,Perez PLC,col
53482,"Perez, Keller and Livingston",MEX
53546,Silva-Clark,BRA
53551,Miller Group,Colombia
53631,Sullivan-Ballard,br
53673,Cole LLC,BRA
53731,Lee Ltd,BRA
53815,Fry-Johnson,Brazil
53832,Evans PLC,brasil
53899,Daniels and Sons,MEX
53916,"Miller, George and Davis",brasil
53954,"Ruiz, Harrell and Stewart",brasil
53999,Hall-Kaufman,mexico
54072,Sharp-Gordon,br
54163,Ray-Wright,brasil
54247,Oliver-Hernandez,BR
54304,Mcdaniel Ltd,mexico
54339,Simpson-Robinson,mexico
54426,Fields-Brown,br
54466,"Dunn, Keller and Morgan",MEX
54566,Brown-Davis,Mexico
54664,Gonzalez-Jones,MX
54731,Hansen-Gutierrez,Brazil
54770,"Spencer, Martin and Young",br
54841,Mccall and Sons,Mexico
54871,Silva-Garner,brazil
54900,Mcguire-Schmidt,br
54981,Obrien-Mitchell,Mexico
54994,Matthews Group,brazil
55085,"Cox, Jones and Thomas",MX
55185,Hess and Sons,BR
55212,Cuevas-Oconnor,MEX
55241,Santos-Boyer,br
55295,Aguilar Ltd,BRA
55325,Gamble and Sons,br
55372,Gardner-Krueger,BR
55462,Clark PLC,br
55486,Carter-Sandoval,Brazil
55540,Coleman LLC,brazil
55553,"Thompson, Jones and Long",Mexico
55595,Santos PLC,Mexico
55619,Higgins-Cole,brasil
55675,Allen-Foster,colombia
55767,Jackson-Edwards,brazil
55795,Collins Group,BR
55807,"Pace, Barajas and Reeves",brazil
55907,Woods-Wright,mx
55928,Cannon-Flores,BR
55942,Scott-Martinez,MX
55948,Barnes and Sons,mexico
55992,Burke-Peterson,Mexico
56068,"Kennedy, Hawkins and Hunter",México
56123,"Perez, Branch and Lewis",brasil
56159,"Miller, Mata and Ruiz",Colombia
56164,"Grant, Brown and Newman",Mexico
56174,Caldwell PLC,México
56270,"Andrade, Walker and Parrish",BRA
56281,Casey Group,br
56325,Stevens and Sons,Brazil
56418,Johnson Ltd,br
56484,"Black, Vega and Padilla",br
56498,Oneill-Brown,brazil
56569,Daugherty and Sons,mexico
56619,Bass-Rice,BRA
56653,Porter-Stevens,Brazil
56744,Turner Group,br
56828,Sweeney-Phillips,col
56912,Davis-Rogers,colombia
56943,"Weber, Terry and Miller",Mexico
56991,Baker-Martinez,colombia
57061,"Richards, Adams and Jones",Brazil
57157,"Gallegos, Contreras and Jones",brazil
57251,Parks PLC,mexico
57341,"Rodgers, Bridges and Scott",Colombia
57351,Cole LLC,br
57429,Dyer Inc,Brazil
57478,Ford-Barr,México
57536,Larsen-Robinson,brasil
57565,"Fields, Blair and Hutchinson",MEX
57632,Lynch-Alexander,Colombia
57674,Ross-English,Colombia
57732,Harris-Parks,colombia
57803,Gomez-Mendoza,Mexico
57842,Wilcox LLC,MEX
57941,"Burns, Ewing and Davis",col
58016,"Kim, Dunn and Watkins",mx
58110,Lyons LLC,CO
58164,"Woods, Hoover and Smith",Colombia
58218,Hunter Ltd,BRA
58296,Clay-Travis,BRA
58319,Lewis-Tapia,mexico
58414,Dean and Sons,MEX
58447,"Shah, Simmons and Ferguson",brasil
58478,Lopez-Lee,mx
58576,Roberson-Bennett,Brazil
58603,Arnold Ltd,Mexico
58622,Parker-Reyes,Brazil
58656,"Miles, Robbins and Hall",brazil
58687,Johnson-Cowan,brazil
58750,"Jones, Smith and Mercer",BRA
58831,Adkins-Bradford,br
58886,Rogers-Reyes,MX
58893,"Cook, Chase and Dennis",mx
58966,"Herman, Ballard and Chapman",México
58987,Harrison-Brown,brazil
59033,Rodriguez-Smith,mx
59091,Campbell-Ellis,mx
59146,"Smith, Drake and Ward",brasil
59238,Harris-Wallace,brazil
59337,"Mclaughlin, Miller and Chen",MEX
59350,"Duran, Hernandez and Mcneil",brasil
59430,Francis-Smith,Brazil
59481,Johnson and Sons,MX
59519,Cook and Sons,MEX
59596,Peterson PLC,BRA
59638,Moody-Lawson,brasil
59727,"Saunders, Lambert and Anderson",mx
59822,Maldonado-Leon,brasil
59826,Vincent and Sons,brasil
59913,"Cline, Perez and Yang",mx
59971,Howard Ltd,BRA
59987,"Black, Vargas and Smith",BRA
60082,Ross and Sons,brasil
60118,Jackson Ltd,mx
60194,Gray LLC,México
60207,Walker-Francis,mx
60305,"Lopez, Chambers and Smith",brazil
60341,Brown LLC,brasil
60404,"Lopez, Harvey and Morris",MX
60436,"Ellis, Davis and Johnson",BRA
60452,"Martinez, Martin and Robinson",brasil
60517,Clark LLC,brasil
60544,"Pace, Parker and Johnson",Mexico
60618,Duke-Spence,BR
60660,Macias-Robinson,brasil
60683,Evans-Eaton,brasil
60757,Smith LLC,México
60852,"Santiago, Shaw and Mayer",mexico
60861,Montoya PLC,BR
60929,"Espinoza, Nunez and Harvey",mx
60935,Richards PLC,Mexico
60968,Bryant-Rodriguez,brasil
61005,Spencer-Carlson,brasil
61088,Martinez PLC,BRA
61176,Gray-Phillips,BR
61263,"Schneider, Cantu and Flowers",br
61309,"Noble, Cherry and Carpenter",MX
61348,Ramirez-Smith,colombia
61428,Blair-Sims,México
61528,"Franco, Gilbert and Carrillo",Mexico
61627,Brooks Ltd,col
61659,"Suarez, Carey and Lee",br
61669,Abbott Ltd,mexico
61675,Hamilton Group,BRA
61689,"Simon, Jones and Gregory",brazil
61735,Lucas and Sons,Brazil
61806,"Byrd, Boyd and Davis",Mexico
61890,Ortiz Ltd,BR
61899,"Ramirez, Kelly and Davis",México
61918,Sullivan Inc,colombia
61928,Rasmussen-Greer,brasil
61997,Benson-Thomas,mexico
62044,Osborne-Baxter,brazil
62107,"Morgan, Velazquez and Morgan",MX
62153,Brown PLC,mexico
62248,Castro Inc,brasil
62324,Edwards LLC,BR
62376,"Roberts, Velazquez and Roberson",MX
62453,Wolfe LLC,Brazil
62542,"Pierce, Munoz and Johnson",mexico
62607,Palmer-Wood,br
62639,Hutchinson Inc,BRA
62709,"Smith, Levy and Horn",brasil
62788,Fisher-Arnold,brazil
62816,Robertson LLC,mx
62842,"Simpson, Stephens and Simmons",MEX
62863,Harrison PLC,BR
62943,Turner-Smith,mx
62996,"Hughes, Snyder and Taylor",Mexico
63083,Bates-Ashley,br
63124,Boyd-Taylor,br
63155,Terry Ltd,col
63186,"Jennings, Oconnor and Wright",MEX
63251,Dixon-Villanueva,BRA
63315,Anderson Group,BRA
63345,"Pope, Good and Williams",BR
63351,Contreras-Allen,México
63361,Mccoy LLC,brazil
63435,"Parker, Mann and Jones",Brazil
63455,Padilla-Armstrong,brasil
63541,"Gray, Benson and Rodgers",Colombia
63574,Hernandez-Brooks,brasil
63627,Stevens LLC,mexico
63698,Horton-Perry,brazil
63759,Steele-Hall,BR
63777,Mccall-Perkins,br
63815,Cruz-Nelson,mexico
63846,"Perkins, Shannon and Rodriguez",Colombia
63923,Newman and Sons,BR
63996,"Bates, Smith and Burke",brazil
64060,Roth-Johnson,Mexico
64137,Adams-Robinson,brasil
64173,Rodriguez Inc,MX
64272,Little-Day,MEX
64357,"Soto, Mcneil and Kemp",mexico
64367,"Marshall, Romero and Oneal",BR
64383,Cunningham-Bradley,Brazil
64436,Gallegos and Sons,brasil
64481,Sparks-Dyer,MX
64547,Parker and Sons,MX
64613,Clay-Scott,MX
64663,Ford-Oneill,BR
64748,Rivera PLC,Brazil
64825,Patterson-Williams,col
64908,Berger-Nguyen,Mexico
64930,Monroe-Johnson,BR
64962,Rojas-Flores,brasil
65011,"Joseph, Arellano and Brown",MX
65075,"Smith, Gordon and Wilcox",Mexico
65130,"Jones, Glass and Brady",MX
65180,Williams-Mercado,BR
65203,Johnson-Valentine,brasil
65280,Perry-Stewart,BRA
65306,Clark PLC,br
65310,"Gonzalez, Stevens and Potter",Brazil
65315,"Lin, Moss and Avila",mexico
65390,"Nelson, Gilbert and Johnson",Brazil
65422,"George, Ortiz and Stewart",MX
65517,"Ryan, Banks and Sanchez",CO
65543,"Brown, Smith and Thomas",BR
65547,Ramirez-Garcia,Mexico
65630,"Johnson, Evans and Pugh",BR
65690,"Collins, Brown and Bullock",brasil
65718,Buchanan-Lawson,BR
65789,Williams Ltd,CO
65876,King-Garcia,Mexico
65963,Burns LLC,mx
66012,Aguilar Ltd,Brazil
66089,"Griffin, Rodriguez and Wilson",BR
66100,Sanchez-Foster,MX
66153,Thompson-Howe,Mexico
66206,"Galloway, Cain and Gallegos",brasil
66267,"Raymond, Escobar and Perry",mexico
66347,Shaw LLC,MEX
66372,"Leach, Hughes and Anderson",BRA
66377,Porter and Sons,mx
66457,Orozco and Sons,brasil
66464,"Odonnell, Gillespie and Perez",mx
66508,"Johnson, Johnston and Taylor",MX
66593,Weaver-Hicks,colombia
66651,Simon-Shaffer,BRA
66667,"Smith, Alexander and May",CO
66684,Williams PLC,mx
66692,"Turner, Underwood and Todd",br
66726,"Jones, Sanders and Bell",Brazil
66786,"Harris, Colon and Miranda",BRA
66801,"Parks, Hill and Young",brazil
66852,Todd-Turner,colombia
66922,"Jones, Brooks and Heath",brazil
66988,Smith LLC,mexico
67050,"Cochran, Kelly and Cooper",Mexico
67060,Rodriguez Inc,br
67152,Johnson-Powell,Mexico
67196,Goodman Ltd,Mexico
67217,"Espinoza, Campbell and Bennett",mx
67277,Wilson LLC,mx
67364,"Hernandez, Weber and Klein",brasil
67456,"Moon, Curtis and Nelson",mx
67543,Walker Group,MX
67618,Ryan and Sons,MEX
67716,King-Price,MEX
67767,"Haney, Francis and Miles",Brazil
67806,Austin Inc,brasil
67814,Rogers Ltd,mexico
67905,Garrett-Spears,MX
67947,Spencer-Willis,Colombia
68022,Clark-Smith,MEX
68086,Blevins-Reeves,BRA
68181,Johnson-Russell,Brazil
68191,"Stevens, Fields and Howard",colombia
68213,Lewis PLC,BRA
68311,Burns and Sons,BR
68367,Steele Inc,BRA
68458,Sanders and Sons,Brazil
68556,Schmidt Ltd,br
68651,Cole and Sons,mexico
68699,Johnson-Barnes,BRA
68798,Burke Ltd,BRA
68854,Floyd-Cook,México
68883,Woods-Stanton,MEX
68925,Armstrong-Bell,BRA
68973,"Brewer, Garza and Gonzales",Brazil
69032,Cruz-Brown,br
69101,Watson-Potter,brasil
69190,Wang-Dalton,BRA
69223,Hickman PLC,br
69259,Warner Inc,México
69289,"Villegas, Miller and Chen",BRA
69373,"Brown, Welch and Austin",col
69423,Price-Collins,Brazil
69494,Long-Pearson,MEX
69562,"Frey, Salazar and Boyd",Mexico
69643,Jackson Ltd,Mexico
69658,"Bender, White and Moore",MX
69675,"Zimmerman, Hughes and Bauer",br
69771,"Bowman, Gordon and James",mx
69789,Ford-Johnson,BR
69884,"White, Stewart and Suarez",brasil
69940,Price-Navarro,BR
69989,"Williams, Martin and Cameron",MEX
70051,Lindsey LLC,Brazil
70151,Mullen Ltd,BR
70220,Rush Inc,Mexico
70242,Burke-Cook,br
70340,"Gomez, Strong and Jones",MEX
70405,Cruz-Martinez,BRA
70471,Robertson-Simmons,MEX
70549,"Simpson, Carey and Pineda",BRA
70580,"Faulkner, Riley and Brown",mexico
70675,"Winters, Sims and Davis",BRA
70726,Clark-Armstrong,brazil
70818,Warren-Willis,Brazil
70905,Gamble-Baker,Mexico
70972,Wilson Group,colombia
70997,"Rodriguez, Mills and Smith",Colombia
71051,Thornton-Stephens,México
71082,"Patrick, Lawson and West",BR
71101,Lloyd and Sons,MEX
71143,"Perez, Barnes and Maxwell",México
71213,Oconnor PLC,CO
71293,Gonzales-Atkinson,Brazil
71380,"Cherry, Kerr and Owens",brazil
71457,Salazar PLC,Mexico
71521,Romero PLC,BR
71543,"Oconnor, Nelson and Barnett",br
71577,"Smith, Gross and Lewis",mx
71643,Jennings-Vaughan,MX
71703,Luna PLC,México
71711,Everett-Hughes,México
71745,Griffin Ltd,BRA
71772,Hernandez-Parsons,MEX
71850,Collins and Sons,BR
71887,"Jones, Johnson and Walker",MX
71982,Allen Inc,BRA
72051,Hernandez-Buck,br
72085,Johnston-Rios,México
72131,Jones-Bailey,mx
72140,Yoder-Nichols,br
72148,"Casey, Anderson and Conner",Colombia
72158,Hebert-Underwood,MX
72195,Johnson-Davis,México
72201,Barker LLC,Brazil
72235,Mcfarland-Floyd,brasil
72314,Reeves-Bailey,Mexico
72350,Foster Group,mexico
72371,Burke-Hernandez,brasil
72417,Hicks Group,br
72470,Montgomery PLC,BRA
72527,Rodriguez-Bridges,brazil
72549,Martinez-Thompson,BRA
72609,Lester and Sons,MEX
72667,Perez-Gordon,BR
72726,"Gray, Clayton and Allen",México
72810,Harris-Todd,br
72818,"Lewis, Riddle and Johnson",BRA
72882,Lucas-Blevins,Brazil
72964,Hart and Sons,brasil
72990,Pittman Group,MX
73036,Moore and Sons,MX
73048,"Barrera, Lewis and Carson",br
73140,Phillips-Kelly,Brazil
73237,"White, Underwood and Wilson",br
73286,Smith LLC,br
73354,Cantrell-Myers,México
73415,Fletcher PLC,MX
73495,Harper-Hahn,brasil
73554,"Cuevas, Sullivan and Meyers",CO
73594,"Flores, Gonzalez and Kelly",br
73614,"Johnson, Gonzalez and Smith",col
73697,Martinez-Patterson,BR
73740,"Hall, Rose and Bell",brasil
73795,"Jones, Young and Vega",MEX
73858,Flynn Group,MX
73896,"Richardson, Koch and Wilson",México
73963,"Collins, Robinson and Gonzalez",MX
74057,Mckinney-Griffith,brasil
74070,Kelley-May,MX
74084,Castaneda Group,MX
74154,Blake Inc,BRA
74190,"Olson, Daniels and Kidd",brazil
74272,Guerrero-Williams,mexico
74340,Williams-Burton,br
74429,Harris and Sons,mx
74497,"Elliott, Vaughn and Odom",Mexico
74525,Lamb LLC,Colombia
74566,Cobb Inc,Mexico
74616,Underwood-Boyd,Colombia
74634,"Jimenez, Saunders and Brady",col
74703,"Neal, Pacheco and Wilson",MX
74727,Russell-Jones,brasil
74827,"Campbell, Estes and Bailey",brazil
74913,Dorsey-Carson,Brazil
74924,Salazar Group,BRA
74956,Mckenzie Group,mx
75009,Jones PLC,BR
75053,"Johnson, Boyd and Gonzales",Mexico
75057,"Bishop, White and Adams",mx
75107,Patton PLC,brasil
75169,Adams PLC,brasil
75191,Wong-Wilson,BR
75214,"Campbell, Jones and Turner",col
75306,"Reyes, Macdonald and Zamora",CO
75370,Gilmore Inc,México
75408,"Wise, Johnson and Nguyen",mx
75497,Patel and Sons,brazil
75584,Fisher Ltd,BR
75654,Rodriguez Inc,BR
75731,Watson LLC,Mexico
75775,Jones-Hanna,brazil
75824,Cooley-Ward,BR
75910,Dalton and Sons,BR
76007,"Young, Robinson and Williams",br
76085,Wood-Lane,Mexico
76127,Ruiz-Wagner,MEX
76164,Weaver-Joseph,MX
76241,James PLC,br
76258,Snyder-Johnson,colombia
76278,Lopez-Peterson,brasil
76326,"Swanson, Medina and Macias",MEX
76332,James LLC,CO
76385,"Lara, Mclean and Hall",MEX
76390,Buchanan-Ward,BR
76476,Stevens-Clark,brasil
76489,Vaughn-Spencer,Brazil
76493,"Bell, Cannon and Gamble",Brazil
76576,Norman-Cook,Brazil
76618,"Richmond, Carlson and Edwards",mx
76639,Taylor LLC,Brazil
76664,Larson-Williamson,CO
76752,Morrow LLC,BRA
76849,Gray LLC,brazil
76855,Wolf Inc,BR
76936,"Garcia, Fields and Tucker",México
77023,Raymond-Barrett,br
77051,Austin Inc,brasil
77104,Walls LLC,Brazil
77160,Jimenez-Dudley,brasil
77190,Simmons PLC,MEX
77219,Sullivan PLC,mx
77294,Ho LLC,brasil
77357,Gardner LLC,col
77434,Morris Ltd,br
77459,Moore-Holmes,Brazil
77512,"Anderson, Johnson and Johnson",Colombia
77530,Sanford-Miller,BR
77625,"Parker, Lee and Pacheco",brazil
77668,Bates-Doyle,BR
77742,Mejia PLC,México
77803,"Robinson, Anderson and Wagner",Brazil
77843,Freeman-Berry,Colombia
77913,"Harris, White and Cook",MEX
77961,"Williamson, Grant and Torres",Brazil
78003,"Peterson, Clark and Woods",brasil
78019,Roberts-Spencer,Mexico
78117,"Bennett, Ruiz and Jones",México
78125,Smith Group,MX
78212,Floyd-Cook,México
78240,Taylor-Whitney,BR
78270,Walker PLC,BR
78344,Smith PLC,Brazil
78399,Zavala-Sanders,CO
78462,"Martinez, Smith and Hess",CO
78507,"Williams, Stevenson and Meadows",México
78599,West PLC,mx
78614,"Mckenzie, Bryan and Cardenas",BRA
78711,"Hoffman, Myers and Myers",BR
78749,Johnson Group,BRA
78792,Kemp-Chavez,México
78837,"Edwards, Stanton and Allen",brazil
78867,"Hess, Lopez and Gutierrez",BRA
78872,Tate PLC,br
78920,Perez LLC,mexico
79020,"Deleon, Love and Soto",BR
79028,Kramer Inc,Brazil
79059,Gilmore-Johnson,colombia
79114,Jackson Inc,Brazil
79134,Robinson and Sons,mexico
79178,Stewart-Bauer,México
79242,Andrews Group,Brazil
79334,Brown Inc,MEX
79422,"Thomas, Page and Ward",México
79436,"Ortiz, Williams and Mccann",brasil
79465,Parker Group,México
79548,"Murphy, Washington and Parks",BRA
79561,Green LLC,BRA
79568,Webb-Baldwin,BRA
79586,"Bell, Sanchez and Blankenship",Brazil
79646,"Allen, Cooper and Phillips",brazil
79662,Ibarra-Bell,col
79734,"Thompson, Garcia and White",Mexico
79807,"Stewart, Jimenez and White",mexico
79820,"Roman, Benitez and Phillips",México
79860,"Oconnor, Keller and Moore",brazil
79903,"Cohen, Elliott and Swanson",BRA
79910,Tucker-Hernandez,mx
79935,Banks Group,México
80004,"Rhodes, Olsen and Williams",mexico
80097,Spence-White,BR
80119,Campbell Ltd,brazil
80214,Weaver Group,Mexico
80288,"Lynch, Wells and Yoder",br
80330,Dillon Ltd,brasil
80414,Gordon Inc,colombia
80497,Griffin and Sons,CO
80556,"Arnold, Murphy and Jackson",Mexico
80584,Thomas-Smith,México
80629,Hughes-Pearson,México
80669,Robbins-Mays,mx
80744,Williams-Miller,CO
80832,Fisher PLC,mexico
80880,Garcia LLC,brazil
80969,Gaines-Oliver,brasil
80973,"Wade, Warren and Washington",MEX
81026,Knight-Fields,Brazil
81057,"Kelly, Larson and Conner",BR
81064,Ingram PLC,brazil
81085,Bauer-Gonzalez,mexico
81158,Kirby-Smith,Mexico
81220,"Li, Goodman and Ewing",Brazil
81250,"Stone, Gill and Mason",mexico
81270,Hernandez-Taylor,México
81302,Maxwell LLC,br
81395,Henderson-Strickland,brazil
81408,Beck PLC,mx
81439,"Russell, Briggs and Wolf",BRA
81534,Patterson PLC,BRA
81589,Nichols Inc,mexico
81676,"Stevenson, Glenn and Foster",Mexico
81734,Fernandez Ltd,México
81791,Thompson-Garza,br
81836,"Kirby, Tran and Hayes",mx
81898,Lopez Ltd,Mexico
81928,Taylor PLC,Mexico
81959,Martin and Sons,colombia
81986,Adams-Brown,MX
81996,Brooks PLC,brasil
82094,Jones-Ward,brasil
82153,Lee and Sons,brazil
82208,Brown Inc,MEX
82220,Shaffer-Kaufman,colombia
82277,Harrington-Robertson,Brazil
82330,Watson Ltd,br
82375,"Gates, Matthews and Fischer",brasil
82400,Harris-Bass,Colombia
82424,Owen-Mcclure,BRA
82498,Williams-Norman,MEX
82554,Ross-Bray,México
82583,Torres-Heath,mexico
82611,"Wilson, Thompson and Harrison",México
82692,"Thomas, Levy and Coffey",mx
82718,Duffy-Moore,CO
82733,Rich and Sons,MX
82791,Hanna-Christian,brasil
82887,"Porter, Campbell and Lee",CO
82901,"Morris, Smith and Thomas",BR
82943,Reed-Howard,col
83037,Scott-Brown,brazil
83068,"Hayden, Williams and Hubbard",BR
83153,"Johnson, Wilson and Harrington",MX
83181,Miller-Bautista,México
83270,Turner-Short,brazil
83363,Arroyo-Skinner,México
83393,Parks-Dixon,brazil
83482,Jackson Group,MEX
83537,Carpenter-Randolph,Brazil
83618,Phillips Ltd,MEX
83660,"Blanchard, Hicks and Jennings",br
83675,Blair-Chang,CO
83760,"Lane, Jones and Frank",BRA
83821,"Hood, Gillespie and Rollins",Brazil
83896,"Marquez, Hernandez and Rodriguez",colombia
83949,"Davis, Walls and Jefferson",brasil
83995,Mendez-Webster,mexico
84014,Lawson and Sons,BRA
84110,Lam Inc,MEX
84119,Jacobs and Sons,MX
84202,Ho and Sons,colombia
84299,Shields-Wright,brasil
84361,Parker-Thomas,mexico
84389,"Reyes, Hall and Gibson",Mexico
84452,Jackson Ltd,mexico
84493,"Vargas, Padilla and Burke",colombia
84553,Wood and Sons,brazil
84616,Wells PLC,Brazil
84657,"Sullivan, Frank and Green",MX
84754,Perkins LLC,BR
84806,Glenn-Hubbard,Mexico
84859,Hall Ltd,BRA
84930,"Powell, Thornton and Ellis",br
84961,Parker Group,brasil
85005,Williams-Fox,brazil
85094,"Montoya, Marsh and Delgado",brazil
85135,Torres-Dunn,BRA
85177,Hernandez-Edwards,brazil
85211,Blevins PLC,brasil
85247,Sawyer-Brown,MEX
85301,Maddox-Barry,MEX
85330,"Lopez, Wilcox and Scott",brasil
85396,Spears-Everett,BR
85458,"Daniels, Maldonado and Alexander",brazil
85505,"Lewis, Hanson and Vaughn",Colombia
85515,"Walker, Benitez and Harmon",Brazil
85614,Bradley-Goodman,Brazil
85625,Morrison-Hurley,MX
85664,"Watson, Price and Sanchez",BRA
85693,Gordon Group,MX
85770,"Werner, Parker and Adkins",mexico
85789,"Wright, Duffy and Thompson",br
85813,Austin-Morris,colombia
85819,"Hall, Sanders and Edwards",brazil
85914,"Mcguire, Butler and Reyes",Brazil
85927,Baker LLC,mx
85952,"Thompson, Ryan and Clarke",MX
86025,Lowe LLC,mx
86058,Hill and Sons,Mexico
86096,Perry-White,BRA
86123,Newton-Osborn,colombia
86153,Roth LLC,colombia
86181,James Ltd,BRA
86240,"White, Hood and Bender",brazil
86338,"Harrington, Greer and Castillo",México
86360,"Hernandez, Howard and Patterson",brasil
86397,Moore-Garcia,MEX
86424,"Davenport, Tate and Russell",br
86485,Matthews Ltd,mexico
86556,Gonzalez PLC,MEX
86643,Rice Ltd,Mexico
86679,Morgan PLC,brazil
86777,Murphy-Alvarado,BR
86850,Dyer and Sons,mexico
86923,"Dunn, Myers and Myers",Mexico
87012,Holt-Long,brasil
87053,"Anderson, Melendez and Rowe",br
87131,Carpenter LLC,BRA
87153,Howard Group,br
87168,"Rodriguez, Mitchell and Collins",BR
87194,Maynard-Blair,mx
87287,Chambers-Cochran,brazil
87324,Martin-Ward,mx
87402,Adams-Reed,br
87421,"Johnson, Ballard and Rodriguez",br
87509,Fields PLC,BR
87532,"Brewer, King and Glover",BRA
87626,Levine PLC,BR
87680,"Wood, White and Terrell",brazil
87739,Jones Ltd,CO
87814,Kelly and Sons,brazil
87828,"Lopez, Johnson and Vargas",mexico
87849,"Powell, Stone and Torres",MX
87875,Grimes Group,BRA
87906,Cervantes PLC,br
87933,Malone-Horton,Mexico
87949,Patel Inc,BR
88049,Collins Group,Mexico
88125,Contreras Ltd,México
88134,"Camacho, Gonzalez and Hester",Mexico
88213,"Wheeler, Smith and Barron",BRA
88295,"Rogers, Alvarado and Bell",MEX
88340,"Huerta, Kim and Smith",brasil
88372,"Wallace, Gutierrez and Brown",brasil
88457,"Smith, Riley and Warner",mx
88480,Newton-Figueroa,MEX
88569,"Mendez, Young and Rodriguez",BRA
88628,"Graves, Osborn and Leon",brazil
88637,Callahan Inc,Brazil
88726,Walters LLC,mexico
88779,Frazier-Dougherty,MX
88813,"Montoya, Mitchell and Morris",BR
88823,Allen and Sons,col
88832,Ortega and Sons,BRA
88880,Bennett-Holmes,br
88942,"Byrd, Bates and Patel",Brazil
88975,Freeman Inc,mexico
89055,Kane-Foster,CO
89139,"Simon, Knight and Hernandez",brasil
89172,Hahn-Jackson,mexico
89242,"Tapia, Lopez and Cruz",col
89299,Moore-Vaughn,México
89369,"Hurst, Wallace and Walker",brazil
89406,"Hernandez, Greer and Martin",br
89487,Smith PLC,br
89584,"Hill, Ward and Valdez",brasil
89645,Stone LLC,brazil
89684,Wright-Alexander,mx
89770,Mcintyre-Garner,br
89793,"Terry, Goodman and Mckinney",BRA
89838,Payne-White,brazil
89851,Allen and Sons,mexico
89884,Marshall-Snyder,mx
89964,Rios Inc,BR
90016,"Murray, Sandoval and Payne",mexico
90040,Soto-Jones,México
90051,Yates-Delgado,MX
90142,Wilson PLC,mx
90241,"Sosa, Mitchell and Moore",México
90324,Vazquez Group,brasil
90402,"Wade, Martin and Chang",mx
90422,Forbes-Sanchez,Brazil
90466,Patterson PLC,México
90477,Gill LLC,Colombia
90571,Ramirez-Luna,mexico
90655,"Smith, Parsons and Taylor",México
90676,"Wiley, Donovan and Vasquez",MX
90712,Lawrence and Sons,mx
90738,Williams-Hart,BR
90783,Mendoza-Delacruz,BRA
90860,Smith LLC,México
90866,"Jenkins, Robertson and Taylor",Mexico
90896,"Anderson, Yang and Washington",Brazil
90980,"Green, Lee and Bailey",mexico
91052,"Richardson, Ortega and Campbell",BR
91105,Perez and Sons,Brazil
91176,Poole-Wood,mx
91276,Flores-Stafford,br
91309,Harris PLC,MX
91360,"Alvarado, Turner and Chang",BR
91439,"Hudson, Williams and Kim",Brazil
91509,"Rice, Pena and Edwards",México
91570,"Lozano, Solomon and Williams",br
91653,"Hernandez, King and Lewis",México
91671,White LLC,CO
91691,"Yates, Morales and Sherman",México
91706,"Sanchez, Blake and Michael",brazil
91758,Oneill Group,mx
91858,Hamilton-Villarreal,colombia
91927,Macias and Sons,Mexico
92023,Johnson-Wilson,MX
92044,Browning Group,brazil
92062,Ramirez PLC,brasil
92127,Johnston-Cochran,brasil
92211,Henderson-Smith,BR
92283,"Medina, Kent and Goodman",BR
92303,"Carlson, Nelson and Miller",Brazil
92330,Stuart-Lee,brasil
92371,"Robinson, Hughes and Peters",brasil
92445,"Mills, Lee and Shah",MEX
92524,Cook Group,BRA
92543,Allen-Dunn,mx
92640,"White, Mejia and Barker",México
92674,Clark-Larson,brasil
92714,Mason-Simmons,br
92737,Davis-Taylor,MEX
92794,Smith-Gardner,mx
92888,Howell Group,brasil
92954,"Moore, Stevens and Douglas",Mexico
93048,"White, Fuller and Rodriguez",MX
93086,Gomez-Pierce,MX
93126,"Rodriguez, Lowery and Sanchez",BR
93217,Anderson and Sons,Brazil
93304,Grant-Herman,BRA
93378,Campbell and Sons,MX
93416,Humphrey-Jones,MX
93438,"Mason, Foster and Smith",Brazil
93456,"Ross, Gross and Castro",mx
93498,Gallegos-Hill,Mexico
93591,Bonilla-Kim,mx
93655,"Walker, Thornton and Combs",mx
93732,Haney PLC,brazil
93745,Becker PLC,brazil
93794,Horton-Hill,BRA
93824,Howard Group,mx
93854,Smith Inc,Brazil
93936,"Clarke, Vaughn and Hernandez",col
93988,"Tyler, Sutton and Lewis",brasil
94051,Hester Group,colombia
94114,Khan-Glover,México
94159,Cobb-Cunningham,BR
94213,Stone LLC,BR
94311,Goodman Ltd,MX
94388,Moore-Hart,CO
94461,"Clark, Robinson and Holmes",mexico
94551,Dixon PLC,MEX
94633,"Butler, Blair and Gordon",Mexico
94701,Huynh-Mcdonald,México
94726,Kramer PLC,México
94735,Pugh LLC,Brazil
94813,"Page, Hess and Grant",MX
94851,"Hernandez, Newman and Woodward",BR
94894,Rogers-Ellis,MEX
94938,Harris-Hernandez,Brazil
94989,"Tanner, Ellis and Phillips",Brazil
95045,Hart-Gonzalez,Brazil
95109,"Davis, Murray and Barr",br
95156,"Becker, Baker and Baker",BRA
95187,"Watkins, Holmes and Warner",mx
95286,"Flowers, Wright and Hart",mx
95338,Holland-Flores,brazil
95348,Brown Ltd,br
95417,Brown and Sons,br
95516,Moon-Tapia,br
95613,Copeland LLC,MX
95686,Morgan LLC,Brazil
95724,Mullen Group,br
95786,Orr Inc,br
95816,"Thompson, Lopez and Weber",BR
95877,Hutchinson Group,brazil
95963,Williams-Walker,Colombia
95967,"King, Butler and Strickland",BRA
96048,Hughes Inc,colombia
96117,Black Inc,BRA
96133,"Campbell, Payne and Paul",mx
96217,"Martinez, Larsen and Lane",BRA
96268,Brown-Barry,MEX
96332,Schmidt-Welch,mx
96424,Perry-Hicks,México
96520,"Diaz, Meyer and Brown",br
96580,Cunningham Ltd,brasil
96669,Warren and Sons,br
96673,Russell-Jackson,Brazil
96680,"Wells, Gregory and Duran",mx
96747,Vasquez-Waters,brasil
96796,Lowe Ltd,México
96807,"Hernandez, Price and Wiley",brasil
96851,Barber Group,br
96948,"Hamilton, Williams and Sullivan",mx
97042,"Wood, Watson and Bass",brazil
97097,Robinson-Waters,Mexico
97130,"Brooks, Ward and Molina",MX
97188,Edwards PLC,mx
97215,Hickman and Sons,Brazil
97254,"Matthews, Price and Gibbs",col
97289,Thomas LLC,brazil
97368,Solis-Knight,Mexico
97397,Hunt and Sons,br
97427,Conner-Turner,Colombia
97492,French-Patterson,brasil
97503,Smith Inc,brazil
97601,"Ramirez, Snyder and Smith",mexico
97690,Lee Group,brazil
97775,Morgan and Sons,Colombia
97825,Kennedy-Frederick,colombia
97863,"Aguirre, Martinez and Alvarez",mx
97945,Perez-Duran,Mexico
98036,Coleman and Sons,MX
98042,Hall-Johnson,BRA
98125,Pena-Williams,MEX
98209,"Farrell, Strickland and Graves",mx
98215,Simpson Inc,BR
98288,"Murphy, Walls and Leach",mexico
98373,"Collins, Kelley and Deleon",MEX
98379,Phillips Group,México
98389,Jones-Anderson,BRA
98468,Marshall-Moore,mexico
98513,"Snyder, Meza and Kirk",MEX
98573,"Stanton, Mcguire and Hammond",mexico
98658,Mann-Travis,brazil
98705,Cherry Inc,Mexico
98739,Horn-Hart,MX
98791,Brown-Smith,BRA
98837,Long-Frederick,México
98888,Sims LLC,BRA
98975,Berger-Murphy,México
99052,Johnson-Stephens,mexico
99069,Bryant-Turner,br
99098,Knight-Harmon,MEX
99182,"Hall, Farley and Sanford",CO
99214,Lee Inc,Brazil
99244,"Chandler, Leach and Welch",México
99295,"Mcneil, Browning and Fisher",BRA
99322,Martinez and Sons,Brazil
99416,Harding-Peterson,BR
99480,Davis-Frye,Brazil
99572,Moses PLC,BR
99657,"Lewis, Howard and Malone",BR
99673,"Watts, Howell and Garcia",mx
99700,"Mccall, Ortiz and Martin",México
99791,Holt-Taylor,brazil
99803,"Everett, Long and Blanchard",Mexico
99843,"Wilson, Harrison and Thompson",BR
99880,Foster Inc,BRA
99973,Butler-Warner,Mexico
100036,"Kim, Delgado and Berger",BR
100055,"Torres, Boyd and Davis",brasil
100138,"Oconnor, Kramer and Roberts",Brazil
100207,Figueroa Inc,BRA
100276,Smith and Sons,brazil
100341,Perez-Brooks,Brazil
100417,Jackson-Gonzalez,mexico
100432,Jones-Lewis,mx
100466,"Rodriguez, Vasquez and Coffey",BRA
100542,Brown Inc,br
100617,Moore LLC,Colombia
100623,Blair Ltd,Brazil
100701,Middleton Ltd,brasil
100735,Barrera-Williams,brazil
100764,Mills Ltd,BR
100790,Sanders-Walters,MX
100875,Harris Group,MEX
100882,"Garza, Benjamin and Oliver",mx
100982,"Clark, Jones and Nelson",mexico
101023,Peterson-Barnett,MEX
101080,"Douglas, Peters and Mccoy",BRA
101143,Hernandez-Pham,Brazil
101189,Pena-Wilson,brazil
101196,Calhoun Group,brazil
101277,Davis Ltd,BRA
101341,Willis Group,BR
101387,"Rodriguez, Hernandez and Bridges",Mexico
101422,"Bailey, Martinez and Lamb",mx
101447,"Padilla, Martinez and Stevenson",Mexico
101521,"Glenn, Alexander and Cannon",Brazil
101590,Stanley-Perry,Mexico
101629,Flores-Lee,mexico
101687,"Thompson, Johnston and Mccoy",MEX
101773,Franklin PLC,MX
101805,Munoz Ltd,brazil
101863,"Snyder, Moore and Lopez",Colombia
101894,Lee PLC,MEX
101958,Mullen-Lopez,Brazil
102045,Garrett Ltd,Mexico
102075,Smith-Jackson,BRA
102103,"Medina, Brown and Bennett",mexico
102154,"Lawson, Powell and White",brasil
102224,Newman-Brown,BRA
102261,"Pugh, Jones and Davis",BRA
102355,Fuller Inc,México
102363,Levine PLC,Brazil
102410,"Bailey, Hall and Weaver",mx
102484,Flores Group,mexico
102538,Cunningham-Johnson,brasil
102588,Mann and Sons,MEX
102673,Hernandez-Saunders,col
102760,"Miles, Soto and Young",Mexico
102772,Poole LLC,MEX
102832,"Gordon, Mccarthy and Fisher",colombia
102842,Johnson and Sons,MX
102937,Smith-Carter,col
102948,David-Rivera,BR
102981,Harris Group,brasil
102991,"Lee, Meyer and Oconnor",BRA
103038,Barnett Group,BR
103091,"Barton, Marshall and Ortiz",MX
103173,Garrett and Sons,BR
103208,Estrada-Gonzalez,México
103297,Thomas Ltd,br
103345,Porter-Hartman,MEX
103444,Scott and Sons,br
103529,Fowler PLC,br
103559,"Martin, Macias and Parker",BRA
103614,Johnson-Parker,br
103699,Daniels Ltd,br
103775,Hines-Moore,BR
103869,Hines-Moore,Brazil
103884,"Rogers, Farmer and Wallace",br
103975,Wiggins and Sons,br
104047,Simmons-Parrish,Brazil
104138,Torres Ltd,Brazil
104231,"Rodriguez, Vazquez and Thompson",mx
104283,Fernandez-Scott,MEX
104294,"Meadows, Simpson and Weaver",brasil
104392,Sanchez Ltd,BRA
104400,Johnson and Sons,BRA
104463,Peterson Ltd,BRA
104508,Hansen-Stevenson,mexico
104562,Wilson-Carr,br
104581,Duncan LLC,BR
104625,"Morton, Phillips and Davis",México
104639,"Mcclain, Clark and Murray",Mexico
104704,Jacobs Group,brasil
104777,Harris and Sons,Mexico
104801,Ward-Shepherd,BRA
104838,Bryan-Newman,BR
104871,Wallace Group,MX
104956,"Ferguson, Lloyd and Klein",Brazil
104966,"Davis, Smith and Curtis",brasil
104978,Rivera-Santiago,brasil
105048,"Sanchez, Rodgers and Anderson",Brazil
105119,"Brandt, Thomas and Miller",BR
105142,"Hampton, Choi and Leonard",México
105196,Jones-Nichols,BR
105280,Jefferson Inc,Brazil
105320,Alexander PLC,BRA
105395,"Duran, Haas and Elliott",BR
105467,Medina and Sons,BRA
105566,Carrillo-Mitchell,mexico
105617,Myers-Marshall,MX
105626,"Lindsey, Stewart and James",Brazil
105659,"Jones, Horton and Hughes",mexico
105756,Mason-Bennett,br
105843,"May, Mcintyre and Hughes",colombia
105870,Shaw and Sons,mx
105881,Lewis Group,mexico
105964,"West, Coleman and Bennett",Mexico
105981,Thomas Inc,BRA
105998,Douglas-Williams,BRA
106067,"Cooper, Cameron and Hudson",México
106157,"Neal, Jordan and Payne",México
106204,Garcia LLC,México
106269,Hubbard and Sons,mexico
106336,Meyer-Lynch,BRA
106343,Carpenter Inc,br
106358,Robinson Ltd,brazil
106378,Harris-Cisneros,Mexico
106418,"Sanchez, Williams and Small",Brazil
106427,Terry Inc,México
106451,"Hart, Sullivan and Spencer",br
106529,"Griffin, Clay and Williams",Brazil
106561,"Gray, Lee and Baldwin",BR
106628,Kennedy-Singleton,MX
106661,Hogan-Williams,brazil
106669,"Jennings, Morrow and Camacho",mexico
106751,"Warner, Rodriguez and Clark",br
106823,Hanson PLC,MEX
106890,Lopez and Sons,brazil
106977,Sanders-Harris,MX
106989,Jackson PLC,mx
107008,Roberts Ltd,México
107030,York Inc,MEX
107082,Tran and Sons,mx
107137,Cisneros-Paul,mx
107203,Navarro Ltd,Brazil
107235,Reilly Ltd,BRA
107267,Lewis LLC,MX
107284,George Group,MEX
107355,Cruz-Haley,MEX
107363,Hernandez-Allen,México
107412,Wall-Howell,brasil
107442,"Martin, Obrien and Gomez",MX
107508,Snyder-Nelson,MEX
107582,Thompson-Mann,MEX
107619,Bell and Sons,brazil
107686,"Rodriguez, Martinez and Chambers",br
107694,Winters Inc,Brazil
107781,Newton Ltd,México
107863,"Alvarez, Powell and Roberts",México
107951,Pierce-Juarez,México
108003,Bond-Howard,Brazil
108029,Simpson-Kent,Colombia
108079,Kemp-Jones,br
108098,"Stevens, Hernandez and Dunn",brasil
108128,"Dodson, Bolton and Bass",br
108191,Ferguson-Adams,México
108248,"Flores, Green and Harrison",Mexico
108298,Ramos-Welch,BRA
108395,Williams-Wolf,Mexico
108466,"Hebert, Wong and Massey",mx
108564,Villarreal-Mitchell,MX
108570,Terrell LLC,Brazil
108603,Bennett-Hamilton,México
108631,"Norton, Walker and Wilson",BRA
108697,"Moreno, Stevens and Pacheco",BR
108795,Cohen-Choi,BR
108818,Townsend PLC,BR
108827,Francis-Harding,Brazil
108904,Chase LLC,BR
108988,Gonzalez Inc,México
109003,"Brown, Lambert and Todd",Mexico
109093,Buckley Inc,mx
109137,Miller-Banks,brasil
109203,"James, King and Leblanc",México
109230,"Perez, Velasquez and Cross",BRA
109322,Young and Sons,brazil
109330,Lutz Ltd,México
109367,Jimenez-Duncan,BRA
109421,Diaz-Nolan,Brazil
109519,Clark Inc,Brazil
109617,"Robinson, Hamilton and Carney",Mexico
109707,Ashley PLC,brasil
109803,Choi Inc,mx
109900,Ortega Inc,col
109990,Neal and Sons,Brazil
110087,Short PLC,br
110111,Chase-Shelton,brazil
110135,Banks and Sons,BRA
110203,"Colon, Higgins and Hood",col
110244,Parsons-Williams,Mexico
110296,"Bell, Powell and White",MX
110331,Dunn LLC,México
110397,Rodriguez-Davis,MEX
110417,"Parker, White and Montes",mx
110514,Ramirez Inc,México
110557,Miller Group,Brazil
110581,Robinson-Hurley,mexico
110603,"Myers, Schroeder and Keller",brasil
110640,"Edwards, Smith and Little",mx
110733,Brown Inc,br
110768,"Russell, Marks and Hogan",brazil
110861,Johns Ltd,BRA
110940,Harris-Roach,br
110993,"Beard, Torres and Casey",mexico
111090,Lloyd-Diaz,BRA
